"category","subcategory","ID","Description","GeneRatio","BgRatio","RichFactor","FoldEnrichment","zScore","pvalue","p.adjust","qvalue","geneID","Count"
"Human Diseases","Neurodegenerative disease","hsa05012","Parkinson disease","91/1867","271/9497",0.335793357933579,1.70810365307724,5.84998830914231,3.08553216467318e-08,1.07067966114159e-05,6.85312933416885e-06,"10382/4728/516/4731/2778/374291/7326/513/1329/55630/10975/4710/10383/29985/5714/5686/4719/5690/4713/4696/506/2774/1337/5691/6622/54539/816/7295/3799/22926/2861/7316/509/5413/3709/7280/7846/7277/4541/5695/4780/10213/4726/5692/7384/10381/4701/293/808/2081/89953/27089/5567/801/5707/51465/4723/4217/203068/10131/2771/5704/1347/7345/818/1537/3710/7314/817/4137/5701/4891/27173/581/5688/7317/7385/135/3798/201266/111/1349/4697/55669/4705/6390/29986/7381/522/54205/7419",91
"Human Diseases","Neurodegenerative disease","hsa05010","Alzheimer disease","119/1867","391/9497",0.304347826086957,1.54814745814024,5.47522792946437,1.37630418442916e-07,2.38788775998459e-05,1.52842201533975e-05,"2902/1128/572/10382/4728/516/4731/1020/374291/513/1329/55630/10975/4710/2597/10383/775/29985/5714/5686/4719/5595/5690/4713/4696/506/1139/5534/10000/26100/1337/5691/6622/54539/3799/22926/8517/55102/509/3709/7280/7846/7277/4541/823/5695/5605/10213/4726/776/6868/5692/7384/10381/4701/673/293/808/2081/89953/27089/81029/801/5707/4723/10313/4217/203068/5704/1347/7482/841/1452/1537/3710/5289/8325/4137/5701/8324/3667/4891/3569/348/7475/27173/4842/1131/5688/2915/7385/7132/5530/3798/55851/201266/5533/5664/207/824/1460/1349/208/102/4697/4705/6390/60673/488/29986/7855/7381/1857/522/54205/3416/7419/25825/5609",119
"Human Diseases","Neurodegenerative disease","hsa05022","Pathways of neurodegeneration - multiple diseases","138/1867","483/9497",0.285714285714286,1.45336291988675,5.05872449979439,8.36309700031846e-07,7.25887218457663e-05,4.64620667661359e-05,"2902/1128/572/10382/4728/516/4731/1020/374291/7326/9896/513/1329/10975/4710/6712/10383/775/3064/5714/10133/5686/4719/25981/6262/5595/774/5690/4713/4696/506/1139/5534/2890/26100/1337/1639/5691/6622/54539/4747/816/10121/1770/3799/22926/2861/7316/55102/509/5413/3709/7280/7846/7277/4541/823/5695/5605/10213/4726/776/5692/7384/2878/10381/4701/5606/673/293/808/2081/89953/2876/27089/81029/2893/801/5707/83544/11258/51465/4723/4217/203068/10131/5704/1347/7345/7482/841/818/1452/1537/3710/7314/817/5289/8325/4137/5701/8324/3569/8878/7475/4842/1131/581/5688/203228/2915/7317/7385/7132/5530/64446/6311/3798/5533/5664/824/1768/1460/1349/4697/55669/4705/6390/60673/488/7855/7381/1857/522/54205/7419/55567/5609",138
"Environmental Information Processing","Signal transduction","hsa04151","PI3K-Akt signaling pathway","109/1867","362/9497",0.301104972375691,1.53165180645524,5.10161341825324,8.36757600527565e-07,7.25887218457663e-05,4.64620667661359e-05,"1128/572/55844/7249/3908/1902/10681/6194/9180/2785/92579/7143/2783/6696/5595/2246/3480/10000/11140/284/51764/8517/1942/7450/4233/2247/6446/5605/3371/2254/5747/3716/1284/118788/7448/1388/1101/2260/1298/5156/7529/7534/5522/7531/10971/23035/7059/5521/9863/5519/1017/54541/2321/5170/3912/4915/3693/7039/3570/2263/9586/5526/2335/3667/3569/3479/6655/5529/1978/3082/7099/3455/6198/23533/3454/3718/57121/894/5008/1277/64223/5728/207/5159/1278/9223/3326/2668/57521/1285/3451/208/8115/3574/1385/3696/5979/1021/3561/2065/2846/1956/4193/5563/7058/3690/1287/6256/1288",109
"Human Diseases","Neurodegenerative disease","hsa05016","Huntington disease","96/1867","311/9497",0.308681672025723,1.57019273659791,5.05730210610971,1.13791185962265e-06,7.89710830578121e-05,5.05472426063957e-05,"2902/10382/4728/1173/516/5441/4731/374291/513/1329/10975/4710/10383/3064/5714/5686/4719/25981/5438/774/5690/4713/4696/506/2890/26100/1337/1639/5691/54539/10121/1770/3799/55102/509/5439/7280/5432/7846/7277/4541/5695/10213/4726/5692/7384/2878/10381/4701/293/2081/89953/2876/27089/2893/5707/83544/11258/4723/4217/203068/5704/1347/841/1537/5289/9586/5701/581/5688/161/2915/7385/64446/1175/3798/5434/1768/1349/4697/4705/6390/6506/60673/1385/5978/7381/9519/5433/522/54205/7419/5468/27113/55567/5609",96
"Human Diseases","Cancer: overview","hsa05205","Proteoglycans in cancer","68/1867","204/9497",0.333333333333333,1.69559007320121,4.96787584547455,2.29686809704831e-06,0.000132835538279294,8.50244155223147e-05,"6194/960/5595/3480/4478/10000/2817/816/7430/5058/4233/3709/5500/2247/7042/5605/867/5747/673/7448/81029/5567/2260/7409/286/7482/5499/818/7078/5170/6385/3693/3710/817/2335/8325/8324/3479/7475/6655/6714/3082/7099/998/60/6198/1277/858/2017/23365/207/1278/2002/208/10818/6548/4313/7855/2719/2065/1956/4193/6382/5962/6608/3690/5829/2099",68
"Cellular Processes","Cellular community - eukaryotes","hsa04510","Focal adhesion","67/1867","203/9497",0.330049261083744,1.67888475228298,4.83640857390672,4.00391251865685e-06,0.000190769296814299,0.000122106238822439,"572/3908/83660/7143/6696/5595/3480/23396/10000/87/5058/7450/4233/5500/5062/3371/5747/5923/1284/2012/673/7448/2909/1101/399694/1399/1298/5156/7409/7059/5499/2321/5170/2013/3912/3693/4636/2335/3479/6655/6714/3082/998/60/57144/53358/894/1277/858/5728/207/5159/1278/2002/824/7791/1285/208/3696/1956/331/7058/3690/5829/1287/394/1288",67
"Environmental Information Processing","Signal transduction","hsa04010","MAPK signaling pathway","91/1867","300/9497",0.303333333333333,1.5429869666131,4.72723489023706,4.85179230402527e-06,0.000190769296814299,0.000122106238822439,"51295/784/7786/775/5595/2246/774/5801/3480/5534/10000/773/284/10368/777/8517/1942/5607/5058/4233/2247/7042/782/5605/5062/776/3312/9448/2254/5923/2005/5606/673/80824/9479/5567/1399/2260/4763/5156/2768/51776/4217/3925/8550/3303/23162/2321/4915/7039/8681/1844/2263/7046/4137/3479/4208/6655/11221/1850/3315/3082/998/7132/9693/5530/7043/9252/9261/5533/207/5159/2002/2668/4293/3727/10746/208/10369/4775/5979/4616/84867/2065/1956/10235/6197/5494/2122/5609/7189",91
"Human Diseases","Infectious disease: viral","hsa05165","Human papillomavirus infection","99/1867","333/9497",0.297297297297297,1.51228303826054,4.70727744336077,4.94790683380025e-06,0.000190769296814299,0.000122106238822439,"572/55844/7249/3908/7283/2778/27175/23352/9296/7143/6696/5595/527/10000/5315/8517/7450/9114/5605/534/84612/3371/5747/3716/1284/523/7448/1739/81029/1101/5567/1298/5522/535/7059/245972/5521/7297/5519/1017/529/7482/841/7015/1452/3912/1869/3693/4853/54626/9586/5526/2335/8325/8324/533/2308/7475/6655/5529/1108/1978/10207/581/51606/998/3455/9636/7132/6198/3454/6934/472/894/1277/5728/207/5159/1278/9223/1285/3451/208/1385/3696/7855/8638/1021/1857/9519/1956/4193/4799/7058/8992/3690/5829/1287/1288",99
"Human Diseases","Drug resistance: antineoplastic","hsa01521","EGFR tyrosine kinase inhibitor resistance","33/1867","80/9497",0.4125,2.0982927155865,4.87963181710498,7.15056807206875e-06,0.000248124712100785,0.000158817880337527,"572/6194/5595/3480/10000/4233/2247/5605/3716/673/399694/4763/5156/7039/3570/2263/3569/3479/6655/6714/9542/1978/581/3082/6198/53358/2621/5728/207/5159/208/2065/1956",33
"Organismal Systems","Nervous system","hsa04721","Synaptic vesicle cycle","32/1867","79/9497",0.40506329113924,2.06046388642173,4.68177274419268,1.53582268615363e-05,0.000484482247359374,0.000310103910792744,"1759/57030/1173/10815/6812/10814/112755/6511/9296/527/774/8775/6616/773/57084/22999/26052/9114/534/5864/523/23025/535/245972/529/533/51606/161/140679/1175/6506/8992",32
"Human Diseases","Cancer: specific types","hsa05214","Glioma","31/1867","76/9497",0.407894736842105,2.07486680010149,4.65364431086397,1.76104213542629e-05,0.000488153826742873,0.000312453988905646,"57172/5595/3480/10000/816/5605/673/808/399694/801/5156/818/1869/7039/817/3479/6655/581/814/53358/5728/1643/207/5159/208/57118/4616/1870/1021/1956/4193",31
"Organismal Systems","Nervous system","hsa04723","Retrograde endocannabinoid signaling","51/1867","149/9497",0.342281879194631,1.74110926979722,4.51020488250664,1.82881837108281e-05,0.000488153826742873,0.000312453988905646,"57030/4728/2555/10681/4731/374291/4710/2785/2562/2563/775/2554/4719/2783/5595/774/4713/4696/115/2890/773/57084/54539/51764/2166/22999/3709/4541/4726/776/221955/2566/4701/3763/2893/5567/2557/4723/107/2771/3710/3765/2565/2915/2561/140679/111/4697/4705/2556/2564",51
"Human Diseases","Substance dependence","hsa05033","Nicotine addiction","20/1867","41/9497",0.48780487804878,2.48135132663592,4.70193380061831,2.52976434442282e-05,0.000585780043115868,0.000374941875011218,"2902/57030/2555/2562/2563/2554/774/1141/1139/2890/773/57084/2566/2893/2557/2565/2561/140679/2556/2564",20
"Environmental Information Processing","Signal transduction","hsa04022","cGMP-PKG signaling pathway","55/1867","166/9497",0.331325301204819,1.68537567516988,4.40655179268291,2.53219038810894e-05,0.000585780043115868,0.000374941875011218,"572/2767/775/478/5595/493/5534/10000/115/5140/2982/3709/5500/3778/4985/5605/27345/776/293/808/1388/801/2768/107/2771/5499/5581/152/3710/9586/3667/4208/4882/5530/23533/492/6546/140/6543/4773/491/5533/477/207/111/208/10335/488/1385/4775/2977/3827/7419/476/5592",55
"Organismal Systems","Nervous system","hsa04727","GABAergic synapse","34/1867","89/9497",0.382022471910112,1.94326053333173,4.42240238493254,3.63969733867566e-05,0.000789359360325285,0.00050524745951353,"2555/10681/9568/2785/2562/2563/775/2554/2783/774/115/773/27165/51764/776/2566/3763/5567/2550/2557/10243/18/107/2771/6714/2565/54407/2561/140679/111/2556/2752/2564/23710",34
"Cellular Processes","Transport and catabolism","hsa04148","Efferocytosis","52/1867","157/9497",0.331210191082803,1.68479013642923,4.27970788887597,4.2141632110919e-05,0.000860185078969935,0.000550581075876403,"126129/1051/64601/56848/7879/5595/114786/286410/816/19/6446/5605/5747/6868/575/80824/84466/1374/834/1399/818/23355/23166/8398/3693/5087/1844/817/51761/1850/27072/2621/9261/4773/23339/7376/24145/682/102/5175/811/1901/488/1385/4775/54896/23200/5468/3690/161291/6256/10461",52
"Environmental Information Processing","Signal transduction","hsa04020","Calcium signaling pathway","76/1867","254/9497",0.299212598425197,1.52202573499951,4.17140673774857,4.84558576233777e-05,0.000934121255295114,0.000597905611610099,"2902/57172/1128/3707/2778/3706/2767/56848/775/5026/6262/2246/774/57192/493/1139/5534/5137/115/2774/887/773/816/777/4916/4233/3709/2247/3356/776/2254/7852/293/808/5567/801/219931/2260/5156/107/9630/818/2321/4915/7942/7039/3710/817/2263/4842/1131/3082/814/2915/93129/5530/492/6546/5136/135/6543/4773/491/5533/5159/2668/57118/488/4775/5255/5979/2065/1956/7419/5261/5724",76
"Organismal Systems","Environmental adaptation","hsa04714","Thermogenesis","71/1867","235/9497",0.302127659574468,1.53685398124195,4.12209469027096,6.05199392652814e-05,0.00110528520658172,0.000707463001937638,"51412/4728/516/7249/126129/6194/9551/4731/2778/374291/513/1329/10975/4710/4719/6597/6599/4713/4696/506/115/1337/54539/509/6604/4541/4726/7384/4701/5606/27089/91942/1374/5346/5567/2260/4723/4217/107/1355/1347/1537/9586/6655/60/7385/6198/6601/23028/8289/64223/57521/111/1349/4697/10818/4705/6390/8110/1385/2181/7381/123096/5563/2180/522/656/6197/5468/6595/5592",71
"Human Diseases","Cancer: specific types","hsa05220","Chronic myeloid leukemia","30/1867","77/9497",0.38961038961039,1.9818585271183,4.27906684023999,6.7165192363037e-05,0.00116531608749869,0.000745887136242148,"572/1487/5595/10000/4792/8517/7042/5605/867/9846/673/399694/1399/1869/7046/6655/581/6777/53358/7043/1488/1643/207/208/4616/1870/1021/4193/6776/2122",30
"Organismal Systems","Endocrine system","hsa04910","Insulin signaling pathway","46/1867","138/9497",0.333333333333333,1.69559007320121,4.07153749015325,9.62127810273496e-05,0.00158980166745192,0.00101758881186821,"572/7249/5792/6194/3099/10580/92579/5595/10000/32/5140/5500/5605/867/673/5834/808/5567/399694/801/1399/31/89801/90673/23433/5499/3098/5170/3667/2308/6655/1978/6198/53358/5507/10211/207/2002/57521/208/5575/5255/5837/5563/5261/5509",46
NA,NA,"hsa04517","IgSF CAM signaling","86/1867","302/9497",0.28476821192053,1.44855045988713,3.91849370976042,0.00011353988597962,0.00179083365613309,0.00114626392065549,"6709/3897/10382/9788/4897/10093/5361/57731/5792/6586/4684/4155/10580/6712/10383/5595/9414/4478/10000/87/22999/5375/7430/4916/5058/7280/7846/145581/7277/5605/5062/84612/3785/5747/6334/10381/117178/4628/6711/57689/10458/2260/1525/84623/6092/7409/653857/8541/203068/9863/8828/78999/137970/4685/4690/23136/57863/5170/4067/2308/6714/4008/998/60/57144/57524/9693/199731/54413/10096/207/9223/23705/208/51678/3635/5376/5962/10092/84631/3690/5829/5817/26280/3937/7189",86
"Human Diseases","Infectious disease: viral","hsa05166","Human T-cell leukemia virus 1 infection","67/1867","224/9497",0.299107142857143,1.52148930675645,3.90696508211633,0.000134660004857888,0.00203160963850814,0.00130037807894803,"8379/83660/2874/5595/8881/5534/10000/115/4792/55697/996/5423/8517/567/7042/5605/3716/2005/293/1739/1388/5567/7538/29882/1958/8850/107/3113/1017/25847/7015/1869/51433/7046/9586/10524/3569/3119/581/6777/7132/4488/5530/3718/472/7043/894/4773/5728/5533/1111/207/2002/111/208/811/1385/4775/8498/1870/3561/9519/331/7419/64784/6776/991",67
"Organismal Systems","Development and regeneration","hsa04360","Axon guidance","57/1867","184/9497",0.309782608695652,1.57579294846417,3.90131210190324,0.000150449842749864,0.00213860680639061,0.00136886405626701,"3897/5361/1020/6586/1949/5595/658/5534/57556/816/1942/5058/4233/64101/10501/5062/655/84612/5747/2051/7852/81029/57689/2044/4756/84448/54434/6092/2771/137970/2242/4690/818/2043/5170/817/4636/91653/6714/5364/998/1948/57144/85464/5530/4773/5533/23365/2048/3984/4917/4775/7869/64218/56920/1073/6608",57
"Human Diseases","Substance dependence","hsa05032","Morphine addiction","33/1867","91/9497",0.362637362637363,1.84465293677934,4.00476234058424,0.000154078300172234,0.00213860680639061,0.00136886405626701,"2555/10681/2778/9568/2785/2562/2563/2554/2783/774/5137/115/773/51764/5140/2566/3763/5567/5143/2550/2557/107/2771/3765/2565/2870/2561/140679/5136/5142/111/2556/2564",33
"Cellular Processes","Cell growth and death","hsa04218","Cellular senescence","50/1867","157/9497",0.318471337579618,1.61999051579734,3.87473206802002,0.000178009694222434,0.00233425434282481,0.00149409272360393,"7249/55957/28996/5595/5534/10000/3709/5500/891/7042/823/5605/776/678/5606/293/808/801/3364/1017/5499/1869/3710/7046/3569/8878/2308/1978/5810/677/5530/472/7043/894/9261/4773/5728/5533/1111/207/824/204851/208/54822/4775/4616/1870/1021/4193/7419",50
"Human Diseases","Infectious disease: bacterial","hsa05132","Salmonella infection","73/1867","251/9497",0.290836653386454,1.4794192272154,3.807637599167,0.000181627859528156,0.00233425434282481,0.00149409272360393,"10382/3836/10093/64601/2597/83658/10383/26999/7879/113146/5595/6500/5788/79026/10000/4792/1639/10121/7295/3799/8517/5058/7280/7846/6188/7277/5605/10381/51176/5606/89953/834/375/11258/8795/653857/203068/1783/841/6281/26084/5289/4636/3569/27072/581/7099/998/60/7132/6934/3798/10096/23339/207/3326/4074/208/3071/51626/27128/302/57381/4671/1434/54205/11035/10092/114548/5286/63916/5609/7189",73
"Cellular Processes","Cellular community - eukaryotes","hsa04540","Gap junction","33/1867","92/9497",0.358695652173913,1.82460236137957,3.93132846428717,0.000195612198559983,0.00242162787157778,0.00155001814319099,"10382/1902/2778/2767/10383/5595/115/5607/2982/3709/7280/3356/7846/7277/5605/1453/10381/5567/5156/203068/107/57369/2771/3710/6655/6714/2915/5159/111/10746/2977/1956/5592",33
"Metabolism","Energy metabolism","hsa00190","Oxidative phosphorylation","45/1867","138/9497",0.326086956521739,1.65872941943597,3.85577889971498,0.000202383885520909,0.00242162787157778,0.00155001814319099,"4728/516/9551/4731/374291/513/1329/10975/4710/4719/9296/527/4713/4696/506/1337/54539/509/9114/4541/534/4726/7384/523/4701/27089/535/4723/245972/529/1355/1347/1537/533/51606/7385/27068/1349/4697/4705/6390/7381/522/54205/8992",45
"Environmental Information Processing","Signal transduction","hsa04150","mTOR signaling pathway","50/1867","158/9497",0.316455696202532,1.60973741126698,3.82297485312601,0.000211636956161007,0.00244793412626231,0.00156685606140254,"7249/6194/28956/9296/8131/5595/3480/10000/54468/84219/10641/6446/5605/10670/534/2887/523/673/9663/81029/9675/529/7482/54541/5170/81929/8325/8324/3667/3479/64121/7475/6655/1978/51606/7132/6198/9894/10542/79726/64223/5728/207/57521/208/7855/1857/5563/79109/6197",50
"Human Diseases","Neurodegenerative disease","hsa05020","Prion disease","79/1867","278/9497",0.284172661870504,1.44552103362837,3.72931395165307,0.000228797297278982,0.00256105361792925,0.00163926077167624,"2902/572/10382/4728/516/4731/374291/513/1329/4684/10975/4710/10383/775/5714/5686/4719/6262/5595/774/5690/4713/4696/506/5534/1337/5691/54539/3799/509/3709/7280/7846/7277/4541/5695/10213/4726/776/3312/5692/7384/10381/4701/293/89953/27089/1388/5567/5707/1958/4723/203068/5704/3303/1347/4685/1537/3710/9586/5701/3569/581/5688/7385/5530/3798/858/5533/1460/1349/4697/4705/6390/1385/7381/522/54205/7419",79
"Organismal Systems","Nervous system","hsa04724","Glutamatergic synapse","39/1867","116/9497",0.336206896551724,1.71020722900467,3.8068850043377,0.000260167520394845,0.00282119154928161,0.00180576798695107,"2902/57030/10681/2778/2785/775/9762/6511/2783/5595/5337/2917/5534/115/2890/773/57084/23154/27165/51764/3709/776/2893/5567/107/2771/3710/8681/2901/2898/2915/54407/5530/9454/5533/111/6506/2752/2912",39
"Environmental Information Processing","Signal transduction","hsa04012","ErbB signaling pathway","31/1867","86/9497",0.36046511627907,1.83360321869434,3.84123577287488,0.000273093587536767,0.0028716204507654,0.00183804615535113,"572/5595/10000/816/5058/5605/5062/867/5747/673/399694/1399/4690/818/7039/817/6655/6714/9542/1978/6777/57144/6198/53358/207/2002/208/2065/1956/6776/5609",31
"Organismal Systems","Digestive system","hsa04978","Mineral absorption","24/1867","61/9497",0.39344262295082,2.00135221754897,3.88095009585607,0.000294516632961966,0.00300580210699418,0.00192393218436455,"55630/4502/478/493/4494/7018/475/4501/4493/4499/4496/142680/79901/4891/2512/4495/492/6546/6543/491/477/30061/54822/476",24
"Human Diseases","Neurodegenerative disease","hsa05014","Amyotrophic lateral sclerosis","100/1867","371/9497",0.269541778975741,1.37109709423279,3.60673736702078,0.000314640010036738,0.00311943095664994,0.00199666292083464,"2902/572/10382/4728/516/4731/6428/374291/400916/9896/513/1329/10975/4710/10383/311/5714/10133/5686/4719/25981/5690/4713/4696/506/5534/2890/26100/1337/1639/5691/54539/4747/10121/1770/3799/22926/55102/509/7280/7846/7277/4541/5695/10213/4726/5692/7384/2878/10381/4701/5606/2081/89953/2876/27089/834/5707/83544/11258/4723/4217/203068/5704/1347/56001/1537/3710/5289/81929/5701/8878/9542/4842/581/5688/203228/60/7385/7132/5530/64446/6311/3798/5533/1768/1349/4697/4705/6390/9688/6506/60673/9782/7381/23165/522/54205/29979/55567",100
"Organismal Systems","Endocrine system","hsa04925","Aldosterone synthesis and secretion","34/1867","98/9497",0.346938775510204,1.76479783129106,3.76442894230555,0.000326079861422876,0.00314304755315939,0.00201177926199494,"57172/23683/2778/2767/775/478/493/115/816/3709/776/221955/808/1388/5567/801/6770/107/818/5581/3710/817/9586/814/492/491/477/111/57118/4158/1385/476/4929/1589",34
"Organismal Systems","Nervous system","hsa04728","Dopaminergic synapse","43/1867","133/9497",0.323308270676692,1.64459488302975,3.70307249733241,0.00034194506024655,0.00320689015960953,0.00205264317815141,"55844/10681/2778/2785/775/2783/50632/774/10000/2890/2774/773/51764/816/3799/3709/5500/776/808/3763/1388/2893/5567/801/5522/5521/2771/5519/5499/818/3710/817/9586/5526/3765/5529/5530/3798/5533/207/111/208/1385",43
"Cellular Processes","Cell motility","hsa04810","Regulation of actin cytoskeleton","67/1867","232/9497",0.288793103448276,1.4690241582476,3.57764081339186,0.000408780406523247,0.00359111040748101,0.0022985721097482,"1128/2934/1902/10093/26999/10152/5595/2246/23396/4478/10000/87/7430/5058/5500/2247/8874/5605/5062/2254/5747/7852/673/50649/4628/2909/10458/1399/2260/5305/5156/2768/54434/7409/653857/221178/5499/3693/2263/4636/2335/6655/6714/1131/998/60/57144/85464/57121/10096/23365/207/5159/208/3071/85477/6548/3984/3696/2846/1956/1073/3827/5962/10092/3690/5829",67
"Human Diseases","Cancer: specific types","hsa05218","Melanoma","27/1867","73/9497",0.36986301369863,1.88140816341505,3.73939293221125,0.000413960853888301,0.00359111040748101,0.0022985721097482,"572/5595/2246/3480/10000/4233/2247/5605/2254/673/4286/2260/5156/1869/3479/581/3082/5728/1643/207/5159/208/4616/1870/1021/1956/4193",27
"Human Diseases","Cancer: specific types","hsa05223","Non-small cell lung cancer","27/1867","73/9497",0.36986301369863,1.88140816341505,3.73939293221125,0.000413960853888301,0.00359111040748101,0.0022985721097482,"572/5595/10000/3799/4233/5605/673/5915/5170/1869/7039/6655/581/6777/3082/3718/3798/1643/207/208/5979/4616/1870/1021/1956/6776/6256",27
"Organismal Systems","Endocrine system","hsa04921","Oxytocin signaling pathway","48/1867","155/9497",0.309677419354839,1.5752578744579,3.57181315816792,0.000488541902054564,0.00413473268324229,0.00264652994437774,"57172/784/2778/775/6262/5595/5534/115/816/10368/5607/2982/3709/5500/782/5605/776/808/3763/5567/801/10645/107/2771/5499/818/3710/8681/817/4208/3765/6714/4882/60/814/5530/23533/4773/5533/2002/111/57118/3759/10369/4775/2977/1956/5563",48
"Organismal Systems","Nervous system","hsa04722","Neurotrophin signaling pathway","39/1867","120/9497",0.325,1.65320032137118,3.56192932242586,0.000563144997168105,0.00465265033374601,0.00297803494743033,"396/572/5595/10000/4792/816/4916/5607/4145/5605/673/808/399694/801/1399/7531/4217/818/27018/5170/4915/817/3667/6655/11213/581/998/814/53358/9252/9261/9500/5664/207/208/10818/6197/5609/7189",39
"Cellular Processes","Transport and catabolism","hsa04140","Autophagy - animal","51/1867","169/9497",0.301775147928994,1.53506083550169,3.4716224641789,0.0006490918972503,0.00523802065920591,0.00335271457331244,"572/7249/64601/10133/7879/5595/3480/26003/10000/26100/11152/10533/7316/55102/5605/10670/58476/2081/664/5567/10645/1509/1508/54541/9342/5170/7314/5289/3667/8878/64121/8417/27072/203228/6198/57724/55578/3920/23339/64223/5728/207/57521/208/60673/83734/8837/23710/5563/3146/7189",51
"Human Diseases","Cancer: specific types","hsa05225","Hepatocellular carcinoma","51/1867","170/9497",0.3,1.52603106588109,3.42330116882937,0.000753797259046311,0.00590848521603768,0.00378186070251464,"51412/572/5595/6597/6599/3480/10000/4233/6604/7042/5605/4780/51176/673/81029/399694/7482/7015/4257/1452/1869/7039/7046/8325/8324/7475/6655/581/3082/60/6198/53358/6934/6601/7043/8289/2947/5728/1643/207/2002/4259/208/8110/7855/4616/1870/1021/1857/1956/6595",51
"Human Diseases","Cancer: specific types","hsa05215","Prostate cancer","35/1867","106/9497",0.330188679245283,1.67959394043516,3.48038071211714,0.000766230071244079,0.00590848521603768,0.00378186070251464,"572/5595/3480/10000/4792/8517/5605/51176/673/2260/4824/5156/1017/6935/2078/5170/1869/2346/7039/2263/9586/3479/2308/6655/2915/6934/5728/207/5159/3326/208/1385/1870/1956/4193",35
"Organismal Systems","Circulatory system","hsa04261","Adrenergic signaling in cardiomyocytes","47/1867","154/9497",0.305194805194805,1.55245584624267,3.41896773793132,0.000793246337505269,0.0059838365024854,0.00383009101175313,"55844/784/2778/775/6262/478/5595/493/10000/115/816/10368/5500/782/776/808/1388/5567/801/5522/5521/107/2771/5519/5499/818/817/9586/5526/5529/23533/492/6546/7168/4634/9252/6543/491/477/207/111/208/6548/10369/488/1385/476",47
"Cellular Processes","Cell growth and death","hsa04217","Necroptosis","48/1867","159/9497",0.30188679245283,1.53562874554072,3.36911431171702,0.000914115931913552,0.00674889847604261,0.00431978637477625,"9555/8334/124044/27183/92815/816/81858/823/3716/5834/293/834/3014/8795/7188/7297/841/818/55506/10059/8681/817/27005/8878/2512/581/6777/7099/3455/7132/3454/3718/824/3326/3451/54822/79643/2752/5837/8837/331/11035/7419/3146/114548/6776/55072/6775",48
"Human Diseases","Infectious disease: viral","hsa05163","Human cytomegalovirus infection","64/1867","227/9497",0.281938325991189,1.43415548041689,3.27490413861769,0.00108160202139622,0.00765950819233651,0.00490264288967997,"7249/10681/2778/2767/2785/2783/5595/5534/10000/115/4792/51764/8517/567/3709/5605/5747/3716/7852/808/11214/1388/5567/801/1399/5156/2768/107/2771/7188/841/1869/3710/3570/9586/3569/6655/6714/1978/581/7132/6198/5530/4773/6890/5533/23365/1230/207/2002/111/3451/208/811/1385/4775/1870/1021/1956/4193/54205/3690/5829/6348",64
"Human Diseases","Cancer: overview","hsa05208","Chemical carcinogenesis - reactive oxygen species","64/1867","227/9497",0.281938325991189,1.43415548041689,3.27490413861769,0.00108160202139622,0.00765950819233651,0.00490264288967997,"572/23683/4728/516/4731/374291/513/1329/10975/4710/4719/5595/5337/4713/4696/506/10000/4792/1337/54539/8517/509/4233/4541/5605/4780/4726/5747/7384/4701/673/293/2052/27089/1836/4723/4217/1347/4257/5170/1537/1545/6655/6714/52/3082/7385/196/2947/5728/207/4259/1349/208/4697/10327/4705/6390/7381/1571/1956/522/7419/5609",64
"Human Diseases","Infectious disease: bacterial","hsa05131","Shigellosis","70/1867","253/9497",0.276679841897233,1.40740678012749,3.2489182784818,0.00113348149851968,0.00786636159972658,0.00503504413026637,"7322/10093/3099/826/83660/23176/960/5595/6500/10000/4792/26100/4735/87/23048/8517/7316/81858/3709/823/10670/5747/664/834/1399/375/653857/7188/989/7334/5581/3098/3710/7314/5289/4636/199746/8878/64121/2308/6714/581/7099/998/60/7132/6198/8356/472/10096/9252/2017/207/824/57521/3021/208/100132074/23157/27128/1956/4193/4671/54205/10092/5829/114548/55072/63916/7189",70
"Organismal Systems","Environmental adaptation","hsa04713","Circadian entrainment","32/1867","97/9497",0.329896907216495,1.67810976316821,3.32049002966227,0.00128470306900252,0.00874101892046813,0.00559488849452078,"2902/10681/2778/2785/775/2783/6262/5595/115/2890/51764/816/2982/776/808/3763/2893/5567/801/107/2771/818/3710/817/3765/4842/9252/111/1385/2977/8863/5592",32
"Organismal Systems","Endocrine system","hsa04911","Insulin secretion","29/1867","86/9497",0.337209302325581,1.71530623684309,3.29612439575966,0.00145068147736672,0.00968050908935101,0.00619623060170806,"2778/2767/775/3781/6262/478/6833/115/6616/816/3778/5864/27345/776/9699/3782/1388/5567/107/818/885/3710/817/9586/1131/477/111/1385/476",29
"Human Diseases","Drug resistance: antineoplastic","hsa01522","Endocrine resistance","32/1867","99/9497",0.323232323232323,1.64420855583148,3.18718012391426,0.00187289837144897,0.0122189219899252,0.00782099966593119,"572/2778/5595/3480/10000/115/5605/5747/673/5567/399694/107/1869/4853/3479/6655/6714/581/6198/53358/2852/207/111/208/2100/4313/1870/1956/4193/10498/2099/8202",32
"Organismal Systems","Endocrine system","hsa04922","Glucagon signaling pathway","34/1867","107/9497",0.317757009345794,1.6163568922105,3.17155021814123,0.00190150371024773,0.0122189219899252,0.00782099966593119,"126129/5213/2778/92579/3939/5534/10000/5315/816/32/5140/3709/5834/808/5465/1374/5567/801/23235/31/818/3710/817/9586/2308/5530/5533/207/208/1385/5255/5837/5563/5261",34
"Human Diseases","Infectious disease: bacterial","hsa05110","Vibrio cholerae infection","19/1867","51/9497",0.372549019607843,1.89507125828371,3.17028986327551,0.00259320410571627,0.0158315047339833,0.0101333156343712,"2778/9296/527/9414/115/9114/534/523/5567/535/375/245972/529/533/51606/60/55176/11015/8992",19
"Environmental Information Processing","Signaling molecules and interaction","hsa04512","ECM-receptor interaction","29/1867","89/9497",0.325842696629214,1.65748692548883,3.08257543339956,0.00261384157090755,0.0158315047339833,0.0101333156343712,"3908/9899/2812/7143/960/6696/9900/7450/3371/1284/7448/1101/1298/7059/3912/6385/3693/2335/1277/255743/80144/1278/1285/3696/6382/7058/3690/1287/1288",29
"Environmental Information Processing","Signal transduction","hsa04024","cAMP signaling pathway","62/1867","226/9497",0.274336283185841,1.39548563546649,2.97647257950897,0.00262670095994085,0.0158315047339833,0.0101333156343712,"2902/1128/572/2778/9568/775/6262/478/5595/5337/493/10000/115/4792/2890/816/5348/5140/5058/5500/5605/268/776/673/808/5465/2893/5567/801/610/5143/2550/64399/7409/107/2771/5499/818/6662/6750/817/9586/814/492/135/5142/491/477/207/111/51/7434/208/1394/3355/6548/4158/56670/488/1385/6751/476",62
"Organismal Systems","Endocrine system","hsa04912","GnRH signaling pathway","30/1867","93/9497",0.32258064516129,1.64089361922698,3.07221322803476,0.00264618811115571,0.0158315047339833,0.0101333156343712,"2778/2767/775/5595/5337/115/816/3709/5605/776/5606/808/5567/801/1958/107/818/3710/8681/817/6655/6714/998/2002/4323/111/10746/4313/1956/5609",30
"Human Diseases","Cardiovascular disease","hsa05415","Diabetic cardiomyopathy","57/1867","205/9497",0.278048780487805,1.41437025618248,2.96681965002955,0.00277032219770117,0.0162932508915645,0.0104288667924166,"4728/516/2539/5164/4731/374291/513/1329/10975/4710/2597/4719/6262/4713/4696/506/10000/1337/54539/816/509/5500/7042/4541/4726/5166/7384/4701/293/27089/5465/4723/1509/1347/5499/818/1537/817/7046/3667/7385/7043/1277/5728/207/1278/1349/208/4697/4705/6390/488/4313/7381/522/7419/51660",57
"Genetic Information Processing","Folding, sorting and degradation","hsa04141","Protein processing in endoplasmic reticulum","49/1867","172/9497",0.284883720930233,1.44913802767778,2.94035571860724,0.00313087662226368,0.0179807756798182,0.0115090055162798,"7322/7326/23640/11253/10294/6185/5589/64215/6500/5886/22926/823/4780/3312/80331/6748/10808/2081/1388/51465/4217/7466/3303/165324/27248/6048/10130/581/55176/64374/6745/258010/55768/824/3326/56605/80700/5611/811/84061/23471/3998/7991/23645/29979/6238/9532/5609/80267",49
"Environmental Information Processing","Signal transduction","hsa04066","HIF-1 signaling pathway","34/1867","110/9497",0.309090909090909,1.57227443151385,2.9861905669369,0.00316088563823894,0.0179807756798182,0.0115090055162798,"226/5213/6194/3099/2597/230/5595/3939/3480/10000/6923/7018/284/816/5605/2023/5230/818/2321/3098/3570/817/5209/3569/3479/1978/7099/6198/2026/207/208/1956/54583/7428",34
"Cellular Processes","Cell growth and death","hsa04114","Oocyte meiosis","41/1867","139/9497",0.294964028776978,1.50041423743705,2.93985411669263,0.00333416574383331,0.0184125557836244,0.0117853762182459,"8379/5595/6500/8881/3480/5534/115/996/816/3709/5500/80315/891/808/5567/801/29882/64506/7529/7534/7531/10971/107/5519/1017/25847/5499/818/51433/3710/8243/817/5526/3479/5529/5530/5533/111/22849/6197/991",41
"Organismal Systems","Nervous system","hsa04720","Long-term potentiation","23/1867","67/9497",0.343283582089552,1.746204702252,3.03193425258256,0.0033429135860759,0.0184125557836244,0.0117853762182459,"2902/775/5595/5534/2890/816/3709/5500/5605/673/808/5567/801/107/5499/818/3710/817/814/2915/5530/5533/6197",23
"Organismal Systems","Endocrine system","hsa04928","Parathyroid hormone synthesis, secretion and action","35/1867","115/9497",0.304347826086957,1.54814745814024,2.9253568653233,0.00367617412128192,0.0195938853998517,0.0125415131787311,"2778/65268/2767/5595/5337/115/3709/6446/673/11214/1388/5567/2260/5143/6559/2768/1958/107/2771/142680/3710/65125/9586/4208/860/5142/4323/111/3727/1385/4326/1956/5744/6256/4929",35
"Organismal Systems","Immune system","hsa04666","Fc gamma R-mediated phagocytosis","31/1867","99/9497",0.313131313131313,1.59282703846175,2.93297339316694,0.0037801492094369,0.0195938853998517,0.0125415131787311,"2934/10093/56848/5595/5337/5788/23396/10000/5058/9846/1399/7409/653857/5581/273/8398/2209/8681/274/4067/998/6198/10096/207/208/3635/85477/3984/4651/1073/10092",31
"Human Diseases","Infectious disease: bacterial","hsa05152","Tuberculosis","51/1867","182/9497",0.28021978021978,1.42541363296586,2.86639416247703,0.00378332941851501,0.0195938853998517,0.0125415131787311,"572/11151/1051/56848/7879/5595/527/5534/10000/816/7042/9114/3716/808/801/535/1263/245972/3113/1509/841/818/8844/8625/2209/3592/817/5289/3569/4800/533/1378/3119/6714/581/7099/51606/7132/51561/64581/5530/7043/3920/5533/23365/207/3451/208/1385/54205/7189",51
"Organismal Systems","Nervous system","hsa04730","Long-term depression","21/1867","60/9497",0.35,1.78036957686127,2.99943338106633,0.00380490604395246,0.0195938853998517,0.0125415131787311,"2778/2767/5595/3480/2890/773/2982/3709/5605/673/2768/2771/5519/3710/8681/4067/3479/4842/1394/2977/5592",21
"Environmental Information Processing","Signal transduction","hsa04371","Apelin signaling pathway","41/1867","140/9497",0.292857142857143,1.48969699288392,2.88737627203779,0.00383972394002858,0.0195938853998517,0.0125415131787311,"10681/6194/187/56848/2785/2783/6696/6262/5595/10000/115/51764/5140/3709/5605/808/5346/5567/801/1958/107/2771/5581/3710/10365/7046/5289/4208/4842/814/6198/23533/6546/4634/6543/207/111/208/6548/59/5563",41
"Human Diseases","Endocrine and metabolic disease","hsa04932","Non-alcoholic fatty liver disease","45/1867","157/9497",0.286624203821656,1.4579914642176,2.86229251588015,0.0039800063384867,0.0200153941949984,0.0128113094953577,"4728/4731/374291/1329/10975/4710/4719/4713/4696/10000/1337/54539/4726/6945/7384/4701/2081/27089/5465/4723/4217/1347/841/1537/3570/3667/3569/581/998/7385/7132/3953/79602/207/1349/208/4697/4705/6390/7381/1571/5563/54205/5468/6256",45
"Cellular Processes","Transport and catabolism","hsa04144","Endocytosis","67/1867","252/9497",0.265873015873016,1.35243493933906,2.80482656556723,0.00414135349159502,0.0205292808797639,0.0131402343868654,"1759/56904/51160/1173/10093/377/116983/55737/6455/9146/7879/5337/11311/3480/23396/254122/27183/11031/3799/64744/26052/9922/84612/3312/867/116986/7852/30011/26119/10938/5156/6456/375/653857/11021/3303/273/9829/832/2263/7046/9815/274/6714/8724/27131/2870/998/161/9135/1175/3798/10096/858/112936/119016/79643/27128/60682/3561/1956/4193/10092/5371/23362/644150/7189",67
"Organismal Systems","Nervous system","hsa04725","Cholinergic synapse","35/1867","116/9497",0.301724137931034,1.53480135936317,2.86666650536961,0.00429163066775961,0.0209745893198956,0.0134252642090034,"1128/10681/2767/2785/775/43/2783/5595/774/1141/1139/10000/115/773/51764/816/3709/776/3785/3763/5567/107/2771/818/3710/817/9586/1131/814/23533/207/111/208/3759/1385",35
"Genetic Information Processing","Chromosome","hsa03082","ATP-dependent chromatin remodeling","35/1867","117/9497",0.299145299145299,1.52168339902673,2.8085280874041,0.00499224952430379,0.0240598692351863,0.015400067977019,"51412/10856/9555/124944/8334/6597/6599/92815/80314/6604/5977/51773/3014/8607/55506/7528/55929/10524/10467/1108/23506/60/605/54891/27443/6601/8289/54815/51377/8110/83444/10847/11177/4798/6595",35
"Human Diseases","Substance dependence","hsa05031","Amphetamine addiction","23/1867","69/9497",0.333333333333333,1.69559007320121,2.86845721818991,0.005067020702546,0.0240857011477186,0.0154166022817189,"2902/2778/775/5534/2890/816/5500/776/808/1388/2893/5567/801/5499/818/23237/817/9586/814/5530/5533/111/1385",23
"Human Diseases","Endocrine and metabolic disease","hsa04931","Insulin resistance","33/1867","109/9497",0.302752293577982,1.54003135088918,2.80495516951286,0.00514524817997471,0.0241270421412328,0.0154430635273779,"5792/92579/10000/4792/32/10999/5500/6945/5834/5465/1374/90673/5499/5581/5170/9586/3667/3569/2308/7132/6198/7376/5728/5507/207/208/1385/5837/5563/6197/8473/5509/10724",33
"Environmental Information Processing","Signal transduction","hsa04071","Sphingolipid signaling pathway","36/1867","122/9497",0.295081967213115,1.50101416316173,2.75501852359638,0.00567300937496786,0.0259017664883401,0.0165790163174268,"55844/56848/5595/6610/5337/10000/4985/5605/8560/9846/130367/427/2768/5522/4217/5521/4363/2771/5519/1509/5581/5170/5526/5529/581/253782/7132/1903/140/53637/5728/207/208/1901/79603/3827",36
"Environmental Information Processing","Signal transduction","hsa04152","AMPK signaling pathway","36/1867","122/9497",0.295081967213115,1.50101416316173,2.75501852359638,0.00567300937496786,0.0259017664883401,0.0165790163174268,"55844/7249/126129/5213/79966/92579/3480/10000/32/1994/1374/10645/5522/31/6319/5521/5519/5170/5209/9586/5526/3667/3479/2308/5529/1978/6198/3953/79602/207/57521/208/1385/5563/5468/3156",36
"Human Diseases","Cardiovascular disease","hsa05417","Lipid and atherosclerosis","58/1867","216/9497",0.268518518518519,1.36589200341209,2.69068371524133,0.00583037127728116,0.0262745303015138,0.0168176122967372,"572/142678/3306/5595/5534/10000/4792/816/22926/1558/8517/19/4780/3312/5747/5606/808/2081/2920/335/834/801/7409/8795/4217/3303/841/818/5170/3308/3592/817/3569/4067/6714/581/7099/998/7132/5530/7412/4773/1559/5533/207/3326/3451/208/4775/6403/54205/5468/114548/6256/5452/5609/7189/6348",58
"Human Diseases","Infectious disease: bacterial","hsa05100","Bacterial invasion of epithelial cells","25/1867","78/9497",0.320512820512821,1.63037507038578,2.76518489290344,0.00631988321596587,0.0281153778966687,0.0179958887796059,"1759/10093/23176/29119/4735/26052/4233/867/5747/399694/1399/653857/26084/2335/6714/998/60/53358/10096/858/2017/23157/10092/5829/63916",25
"Environmental Information Processing","Signal transduction","hsa04390","Hippo signaling pathway","44/1867","157/9497",0.280254777070064,1.42559165390166,2.65980460545218,0.00679872342012366,0.0298627471744672,0.0191143323337254,"55844/29119/25937/2246/658/10413/55233/5500/7042/268/655/84612/1453/26524/51176/1739/81029/7529/7534/5522/7531/10971/5521/5519/7482/5499/7046/8325/8324/7475/10207/60/7003/23286/657/6934/7043/894/6657/7855/1857/4771/656/27113",44
"Organismal Systems","Circulatory system","hsa04260","Cardiac muscle contraction","27/1867","87/9497",0.310344827586207,1.57865282677354,2.68202694450638,0.00752443842072555,0.0326372516498971,0.0208902171943828,"784/1329/10975/775/6262/478/1337/10368/782/776/7384/27089/1347/1537/7385/10479/6546/7168/4634/6543/477/1349/6548/10369/488/7381/476",27
"Human Diseases","Cancer: specific types","hsa05216","Thyroid cancer","14/1867","37/9497",0.378378378378378,1.92472386687705,2.78771006822253,0.00783805418560855,0.0335778370667428,0.0214922603400053,"5595/8031/5605/51176/673/581/10342/6934/1643/7849/5979/4616/5468/6256",14
"Human Diseases","Cancer: specific types","hsa05226","Gastric cancer","42/1867","150/9497",0.28,1.42429566148902,2.59094588422562,0.00818864160975958,0.0346519346169095,0.0221797609712358,"29119/5595/2246/10000/4233/2247/7042/5605/2254/51176/673/81029/399694/5915/1017/7482/7015/1452/1869/83998/2263/7046/8325/8324/7475/6655/581/3082/6198/5243/53358/6934/7043/1643/207/208/7855/4616/1870/1857/1956/6256",42
"Genetic Information Processing","Folding, sorting and degradation","hsa04120","Ubiquitin mediated proteolysis","40/1867","142/9497",0.28169014084507,1.43289301960666,2.57088767430736,0.00872145546001541,0.0359179607079531,0.0229901098418872,"10075/7322/23295/7326/6500/8881/6923/996/997/8065/7316/867/65264/23221/29882/51465/25847/7334/51588/51433/7314/8452/22888/7317/55585/1643/140739/23759/89910/7328/4193/331/26272/134111/55236/5371/7428/27338/7189/991",40
"Metabolism","Lipid metabolism","hsa00100","Steroid biosynthesis","9/1867","20/9497",0.45,2.28904659882164,2.85448928948333,0.00882939964490333,0.0359179607079531,0.0229901098418872,"1056/10682/6713/7108/50814/6646/51478/4047/1717",9
"Human Diseases","Endocrine and metabolic disease","hsa04934","Cushing syndrome","43/1867","155/9497",0.27741935483871,1.4111685125352,2.55297175146282,0.00893916441845512,0.0359179607079531,0.0229901098418872,"2778/2767/775/4221/5595/1584/115/816/3709/5605/776/51176/673/1388/81029/5567/6770/107/2771/1017/7482/818/1869/3710/5087/817/9586/8325/8324/7475/4297/196/6934/111/1394/4158/1385/7855/1870/1021/1857/1956/1589",43
"Human Diseases","Infectious disease: bacterial","hsa05135","Yersinia infection","39/1867","138/9497",0.282608695652174,1.43756549684451,2.56122735708535,0.00899365652874248,0.0359179607079531,0.0229901098418872,"10093/5595/23396/10000/4792/8517/8874/5605/5747/5606/834/10458/1399/7409/653857/9815/2335/3569/64283/6714/7099/998/60/10096/4773/23365/207/208/3984/4775/10092/6197/5829/114548/644150/3937/63916/5609/7189",39
"Organismal Systems","Digestive system","hsa04971","Gastric acid secretion","24/1867","76/9497",0.315789473684211,1.60634849040115,2.62519058407037,0.00900536767029373,0.0359179607079531,0.0229901098418872,"2778/478/115/887/816/7430/3709/808/5567/801/107/2771/818/3710/6750/817/1131/60/3772/477/111/6548/3759/476",24
"Human Diseases","Infectious disease: bacterial","hsa05130","Pathogenic Escherichia coli infection","54/1867","203/9497",0.266009852216749,1.35313099437732,2.515722680728,0.00926970469507857,0.0365521310135485,0.0233960250079136,"10382/1902/10093/4691/2597/10383/10061/26999/5595/5010/4792/8517/7430/5058/7280/7846/6188/7277/5062/10381/4628/834/149461/10458/2768/375/8795/653857/203068/4690/841/3569/6714/581/7099/998/60/7132/57121/10096/2017/23365/3071/27128/114483834/2846/4651/4671/54205/10092/114548/9074/644150/7189",54
"Organismal Systems","Immune system","hsa04611","Platelet activation","36/1867","126/9497",0.285714285714286,1.45336291988675,2.53406962564108,0.00982553058937119,0.0383085293765371,0.0245202478339127,"2778/83660/2812/5595/10000/115/2982/7450/3709/5500/2909/5567/107/2771/5499/3710/8681/4067/11093/6714/60/83706/23533/1277/23365/207/1278/111/208/2977/10235/8773/695/3690/5592/3937",36
"Organismal Systems","Excretory system","hsa04961","Endocrine and other factor-regulated calcium reabsorption","18/1867","53/9497",0.339622641509434,1.72758233873331,2.62737665682383,0.0100371753248391,0.0385062778350641,0.0246468212443456,"1759/1173/2778/478/493/115/26052/5567/161/492/6546/1175/6543/491/477/793/476/2099",18
"Organismal Systems","Endocrine system","hsa04915","Estrogen signaling pathway","39/1867","139/9497",0.280575539568345,1.42722329902548,2.50986898538249,0.0101909535539057,0.0385062778350641,0.0246468212443456,"2778/9568/5595/10000/115/3709/5605/3312/808/3763/1388/5567/399694/801/2550/3872/107/2771/1509/3303/7039/3710/9586/6655/3765/6714/53358/2852/10499/207/3326/111/208/2100/1385/4313/1956/2099/8202",39
"Human Diseases","Cancer: specific types","hsa05222","Small cell lung cancer","28/1867","93/9497",0.301075268817204,1.53150071127852,2.54782301916074,0.0102568539037041,0.0385062778350641,0.0246468212443456,"3908/10000/4792/8517/5747/1284/5915/7709/7188/1017/3912/1869/2335/581/5728/1643/207/1285/208/4616/1870/1021/331/54205/1287/6256/7189/1288",28
"Metabolism","Global and overview maps","hsa01212","Fatty acid metabolism","19/1867","57/9497",0.333333333333333,1.69559007320121,2.60546383411145,0.0103201263361987,0.0385062778350641,0.0246468212443456,"9524/126129/197322/79966/3030/37/1374/31/6319/9200/79071/27349/51/1892/2181/2180/9415/201562/10449",19
"Organismal Systems","Endocrine system","hsa04924","Renin secretion","22/1867","69/9497",0.318840579710145,1.62186876567073,2.56444710524074,0.0107187396445627,0.039568113368758,0.0253264732923038,"2778/775/5534/5137/5140/2982/3709/3778/776/808/5567/801/2771/1508/3710/5530/5136/5533/111/3759/1385/2977",22
"Cellular Processes","Cell growth and death","hsa04216","Ferroptosis","15/1867","42/9497",0.357142857142857,1.81670364985844,2.62384766992292,0.010964725210059,0.040050101556742,0.0256349808235175,"2937/2879/8031/1356/7018/10533/5094/6303/4891/2512/23657/30061/2181/2180/7419",15
"Human Diseases","Neurodegenerative disease","hsa05017","Spinocerebellar ataxia","40/1867","144/9497",0.277777777777778,1.41299172766768,2.47017302369401,0.0111386521274716,0.0402615863357567,0.0257703464791284,"2902/10528/6712/3752/6511/5714/5686/5690/10000/2890/26100/773/5691/6095/55102/3709/1600/5695/10213/5692/293/2081/5707/4217/5704/3710/10939/5289/10524/5701/4800/5688/6311/207/208/60673/488/9519/54205/7419",40
"Human Diseases","Infectious disease: parasitic","hsa05144","Malaria","17/1867","50/9497",0.34,1.72950187466524,2.55826011378827,0.0120181475799755,0.0429927547448608,0.0275184931022771,"4233/7042/7059/3592/3569/1378/3040/3082/7099/7412/7043/5175/2994/6403/6382/7058/3039",17
"Metabolism","Carbohydrate metabolism","hsa00051","Fructose and mannose metabolism","13/1867","35/9497",0.371428571428571,1.88937179585278,2.60739090368137,0.0121648560378796,0.0430735208688187,0.0275701893017465,"226/5213/3099/7264/7167/230/3098/5209/3795/6652/51171/55556/26007",13
"Human Diseases","Infectious disease: viral","hsa05161","Hepatitis B","44/1867","163/9497",0.269938650306748,1.37311588750037,2.37675211394134,0.0135899274987134,0.0476333822429651,0.0304888325595802,"572/5595/10000/4792/8517/7042/5605/3716/5606/673/1388/7529/7534/10971/7297/1017/841/1869/7046/9586/3569/6655/6714/581/6777/7099/3454/3718/7043/4773/1643/207/2002/3451/208/1385/4775/1870/54205/7419/6776/6775/5609/7189",44
"Environmental Information Processing","Signal transduction","hsa04068","FoxO signaling pathway","37/1867","133/9497",0.278195488721804,1.41511652725816,2.38476388154461,0.0138954678651682,0.0482172734921335,0.0308625654689524,"92579/5595/3480/10000/114907/891/7042/6446/5605/116986/673/664/604/1263/1017/5170/10365/7046/3667/3569/3479/2308/6655/9454/472/7043/894/5728/207/208/100132074/1901/4616/1956/4193/23710/5563",37
